term,TM
XAML,
Eclats,
So Savvy,
Palisander,
Per Aspera Ad Astra,
Progress Project,
Free Web Templates,
EU Citizenship,
Stock Dog,
Mental Booster,
Walzel,
Hotel Spot,
Pixel Talk,
Toseek,
NovelasFlix,
Osadia,
William Park,
Pole Studio,
Proclo,
Sam Wear,
Textcom,
Netkraft,
Bergschuhe,
Banking Guide,
Naturtextilien,
MasterMining,
MasterSun,
Versagility,
Finanz Spritze,
Cote Basque,
Serafimov,
Insta APK,
TSN Mail,
Baron Estates,
Riedelsberger,
Unspent,
My Wedding Photography,
E Resort,
Roof Flashings,
Fatastic,
Geo Tag,
Secret Eyes,
Coati,
Vedant,
SMS Alert,
NaOH,
Gate 7,
Reclama,
Startup Accelerator,
Bike Club,
Coeli,
The Candidate,
Fishr,
DBST,
Get Rid Of,
My Indigo,
Buzz Web,
ArtYou,
Cash Grab,
Radiant Media,
Domain Cloud,
Best Collection,
Anthropologie,
Dreamcoin,
Leaderz,
Just Safety,
Dicho,
Plug N Go,
WAXON,
Heliac,
Devilicious,
Fam Group,
DressX,
Tech 100,
