term,CB.score
WILC,0
Weichat,0
Porsche Service,0
psLondon,0
Pet Fix,2
Longeva,0
samtaler.com,0
Neural Nebula,0
ESG Security,2
Sobex,0
Marchi E Brevetti,0
CA Medical,0
My Array,0
ArtiBook,0
Eve Nts,25
Avrutin,0
Tech Ninja,0
Littera,7
Royal Care,11
Myclouds,1
EduVenture,0
Dive Store,0
Bundl,4
Meet And Eat,0
QLNK,0
Hot Pizza,0
Dencity,2
Critica,4
AceLabs,2
Golf R,0
Good Dogs,0
StartLife,2
Lyubov,0
Prospa,6
Discover Ai,1
DCrypt,2
Raize,5
Speedcubing,0
Cafe Plus,0
Knight Vision,3
Delta Web,3
Smosh,1
Moveasy,1
Future Plus,4
Ablation,1
Health And Fit,0
Land Map,0
2 Ndbrain,0
Renovatech,0
A D I Y A,1
Blust,0
Experimenta,1
AIOF,0
Echo 3,1
UNTIE,1
Cosmetic Store,0
Mineros,1
Chat GPT Expert,0
Gold Travel,1
GOXO,1
Sabeco,1
Best Offer Today,0
Everything AI,1
Jobtest,1
Heart Zone,1
Bamboo Shop,0
Remaking,2
The Marketing Coach,0
The Guides,0
Lisa B,3
RD Design,0
Pre Marketing,0
Tours By Locals,1
Simple System,2
goblack.net,0
Movingo,0
Car Glow,0
Happy Cafe,0
Hope Store,0
QReat,0
Easy Pizza,1
TrueClean,1
The Realty,22
Discov,0
Essential Shop,0
Brande O,1
